url;note
AER;0.00023853366999338602
ASF;0.00023853366999338602
GOJ;0.00023853366999338602
KRR;0.00023853366999338602
KZN;0.00023853366999338602
MCX;0.00023853366999338602
MRV;0.00023853366999338602
NBC;0.00023853366999338602
ROV;0.00023853366999338602
UUA;0.00023853366999338602
LED;0.00023853366999338602
CEK;0.00023853366999338602
OVB;0.00023853366999338602
DME;0.00023853366999338602
TGK;0.00023853366999338602
GDZ;0.00023853366999338602
GYD;0.00023853366999338602
KBP;0.00023853366999338602
KUF;0.00023853366999338602
MUC;0.00023853366999338602
PEE;0.00023853366999338602
SIP;0.00023853366999338602
NJC;0.00023853366999338602
SGC;0.00023853366999338602
ANS;0.00023853366999338602
LIM;0.00023853366999338602
AYP;0.00023853366999338602
CUZ;0.00023853366999338602
PEM;0.00023853366999338602
HUU;0.00023853366999338602
IQT;0.00023853366999338602
PCL;0.00023853366999338602
TPP;0.00023853366999338602
ABJ;0.00023853366999338602
BOY;0.00023853366999338602
OUA;0.00023853366999338602
ACC;0.00023853366999338602
BKO;0.00023853366999338602
COO;0.00023853366999338602
LFW;0.00023853366999338602
DKR;0.00023853366999338602
NIM;0.00023853366999338602
CUE;0.00023853366999338602
UIO;0.00023853366999338602
GPS;0.00023853366999338602
GYE;0.00023853366999338602
SCY;0.00023853366999338602
MEC;0.00023853366999338602
OCC;0.00023853366999338602
AYT;0.00023853366999338602
GVA;0.00023853366999338602
BDS;0.00023853366999338602
BRN;0.00023853366999338602
ZRH;0.00023853366999338602
BRI;0.00023853366999338602
CTA;0.00023853366999338602
HDF;0.00023853366999338602
HER;0.00023853366999338602
PMI;0.00023853366999338602
RHO;0.00023853366999338602
BRS;0.00023853366999338602
CLY;0.00023853366999338602
FUE;0.00023853366999338602
ACE;0.00023853366999338602
KGS;0.00023853366999338602
LCA;0.00023853366999338602
LPA;0.00023853366999338602
INV;0.00023853366999338602
RLG;0.00023853366999338602
SUF;0.00023853366999338602
TFS;0.00023853366999338602
AJR;0.00023853366999338602
LYC;0.00023853366999338602
ARN;0.00023853366999338602
GEV;0.00023853366999338602
HAD;0.00023853366999338602
VBY;0.00023853366999338602
VHM;0.00023853366999338602
HMV;0.00023853366999338602
ADQ;0.00023853366999338602
AOS;0.00023853366999338602
KKB;0.0011172012181184022
KLN;0.00023853366999338602
KOZ;0.00023853366999338602
KPY;0.00023853366999338602
OLH;0.00023853366999338602
KZB;0.001655193450266696
KYK;0.001655193450266696
ORI;0.00023853366999338602
UGI;0.00023853366999338602
KWP;0.0021124868475927453
BCD;0.00023853366999338602
CEB;0.00023853366999338602
MNL;0.00023853366999338602
BSO;0.00023853366999338602
BXU;0.00023853366999338602
CBO;0.00023853366999338602
CGY;0.00023853366999338602
DVO;0.00023853366999338602
HKG;0.00023853366999338602
ILO;0.00023853366999338602
MPH;0.00023853366999338602
OZC;0.00023853366999338602
PPS;0.00023853366999338602
TAC;0.00023853366999338602
USU;0.00023853366999338602
ZAM;0.00023853366999338602
CRM;0.00023853366999338602
CYP;0.00023853366999338602
DGT;0.00023853366999338602
DPL;0.00023853366999338602
GES;0.00023853366999338602
JOL;0.00023853366999338602
KLO;0.00023853366999338602
KUL;0.00023853366999338602
LAO;0.00023853366999338602
LGP;0.00023853366999338602
MBT;0.00023853366999338602
RXS;0.00023853366999338602
SIN;0.00023853366999338602
SUG;0.00023853366999338602
TAG;0.00023853366999338602
TUG;0.00023853366999338602
WNP;0.00023853366999338602
TWT;0.00023853366999338602
HEL;0.00023853366999338602
POR;0.00023853366999338602
CGA;0.00023853366999338602
HYL;0.00023853366999338602
KTN;0.00023853366999338602
KTB;0.00023853366999338602
MTM;0.00023853366999338602
BJL;0.00023853366999338602
ROB;0.00023853366999338602
BCN;0.00023853366999338602
FNA;0.00023853366999338602
LGW;0.00023853366999338602
AKV;0.00023853366999338602
YIK;0.00023853366999338602
YPX;0.00023853366999338602
XGR;0.00023853366999338602
YVP;0.00023853366999338602
YGL;0.00023853366999338602
YGW;0.00023853366999338602
YUL;0.00023853366999338602
YSK;0.00023853366999338602
YUD;0.00023853366999338602
YUY;0.00023853366999338602
YZG;0.00023853366999338602
YKG;0.00023853366999338602
YPJ;0.00023853366999338602
YQC;0.00023853366999338602
YKL;0.00023853366999338602
YQB;0.00023853366999338602
YWK;0.00023853366999338602
YZV;0.00023853366999338602
YPH;0.00023853366999338602
YTQ;0.00023853366999338602
YWB;0.00023853366999338602
BBO;0.00023853366999338602
JIB;0.00023853366999338602
MGQ;0.00023853366999338602
DXB;0.00023853366999338602
JED;0.00023853366999338602
NBO;0.00023853366999338602
BKK;0.00023853366999338602
CAN;0.00023853366999338602
HAK;0.00023853366999338602
HGH;0.00023853366999338602
HKT;0.00023853366999338602
KIX;0.00023853366999338602
TPE;0.00023853366999338602
PEN;0.00023853366999338602
PER;0.00023853366999338602
PNH;0.00023853366999338602
REP;0.00023853366999338602
RGN;0.00023853366999338602
SGN;0.00023853366999338602
SWA;0.00023853366999338602
ACH;0.00023853366999338602
EBA;0.00023853366999338602
DUS;0.00023853366999338602
FDH;0.00023853366999338602
HAM;0.00023853366999338602
OLB;0.00023853366999338602
PUY;0.00023853366999338602
TXL;0.00023853366999338602
ZAD;0.00023853366999338602
FKB;0.00023853366999338602
GRZ;0.00023853366999338602
MAH;0.00023853366999338602
SZG;0.00023853366999338602
ATL;0.00023853366999338602
LWB;0.00023853366999338602
MCN;0.00023853366999338602
MEI;0.00023853366999338602
MSL;0.00023853366999338602
PIB;0.00023853366999338602
TUP;0.00023853366999338602
BIM;0.00023853366999338602
FLL;0.00023853366999338602
ELH;0.00023853366999338602
EYW;0.00023853366999338602
RSW;0.00023853366999338602
TPA;0.00023853366999338602
FPO;0.00023853366999338602
GGT;0.00023853366999338602
GHB;0.00023853366999338602
MCO;0.00023853366999338602
MHH;0.00023853366999338602
TCB;0.00023853366999338602
GLH;0.00023853366999338602
GNV;0.00023853366999338602
JAX;0.00023853366999338602
PNS;0.00023853366999338602
PBI;0.00023853366999338602
TLH;0.00023853366999338602
AMS;0.00023853366999338602
CMN;0.00023853366999338602
NDR;0.00023853366999338602
TNG;0.00023853366999338602
BGY;0.00023853366999338602
BLQ;0.00023853366999338602
BRU;0.00023853366999338602
CGN;0.00023853366999338602
CUF;0.00023853366999338602
LYS;0.00023853366999338602
MPL;0.00023853366999338602
SAW;0.00023853366999338602
TLS;0.00023853366999338602
VCE;0.00023853366999338602
FEZ;0.00023853366999338602
AUA;0.00023853366999338602
BON;0.00023853366999338602
CCS;0.00023853366999338602
CUR;0.00023853366999338602
LSP;0.00023853366999338602
MAR;0.00023853366999338602
RCH;0.00023853366999338602
BHK;0.00023853366999338602
FEG;0.00023853366999338602
KSQ;0.00023853366999338602
NMA;0.00023853366999338602
NVI;0.00023853366999338602
SKD;0.00023853366999338602
TIV;0.00023853366999338602
CAY;0.00023853366999338602
FDF;0.00023853366999338602
PTP;0.00023853366999338602
SDQ;0.00023853366999338602
SLU;0.00023853366999338602
SBH;0.00023853366999338602
SFG;0.00023853366999338602
BAV;0.00023853366999338602
JNG;0.00023853366999338602
BHY;0.00023853366999338602
XIY;0.00023853366999338602
CKG;0.00023853366999338602
CTU;0.00023853366999338602
SPN;0.00023853366999338602
CGK;0.00023853366999338602
NNG;0.00023853366999338602
CGO;0.00023853366999338602
CGQ;0.00023853366999338602
HET;0.00023853366999338602
HRB;0.00023853366999338602
KMG;0.00023853366999338602
URC;0.00023853366999338602
NKG;0.00023853366999338602
TNA;0.00023853366999338602
TSN;0.00023853366999338602
CSX;0.00023853366999338602
CZX;0.00023853366999338602
DLC;0.00023853366999338602
DYG;0.00023853366999338602
INC;0.00023853366999338602
JZH;0.00023853366999338602
KGT;0.00023853366999338602
KHN;0.00023853366999338602
KWL;0.00023853366999338602
LHW;0.00023853366999338602
LJG;0.00023853366999338602
LXA;0.00023853366999338602
NGB;0.00023853366999338602
PEK;0.00023853366999338602
PVG;0.00023853366999338602
SJW;0.00023853366999338602
SYX;0.00023853366999338602
SZX;0.00023853366999338602
TSA;0.00023853366999338602
TYN;0.00023853366999338602
WUH;0.00023853366999338602
WUX;0.00023853366999338602
XNN;0.00023853366999338602
YIH;0.00023853366999338602
FOC;0.00023853366999338602
SHE;0.00023853366999338602
WNZ;0.00023853366999338602
XMN;0.00023853366999338602
DSN;0.00023853366999338602
HDG;0.00023853366999338602
HFE;0.00023853366999338602
ICN;0.00023853366999338602
JHG;0.00023853366999338602
KOW;0.00023853366999338602
KWE;0.00023853366999338602
LUM;0.00023853366999338602
MEL;0.00023853366999338602
MLE;0.00023853366999338602
PZI;0.00023853366999338602
TAO;0.00023853366999338602
WXN;0.00023853366999338602
XIC;0.00023853366999338602
XUZ;0.00023853366999338602
YTY;0.00023853366999338602
ZHY;0.00023853366999338602
ZUH;0.00023853366999338602
DNH;0.00023853366999338602
HLD;0.00023853366999338602
JGN;0.00023853366999338602
JJN;0.00023853366999338602
KHG;0.00023853366999338602
KJI;0.00023853366999338602
MIG;0.00023853366999338602
LYI;0.00023853366999338602
NTG;0.00023853366999338602
YVR;0.00023853366999338602
YNT;0.00023853366999338602
YBP;0.00023853366999338602
UYN;0.00023853366999338602
CAI;0.00023853366999338602
TLV;0.00023853366999338602
MCG;0.00023853366999338602
NIB;0.00023853366999338602
TCT;0.00023853366999338602
TLJ;0.00023853366999338602
AAQ;0.00023853366999338602
VKO;0.00023853366999338602
BAX;0.00023853366999338602
EGO;0.00023853366999338602
NUX;0.00023853366999338602
EYK;0.00023853366999338602
NCU;0.00023853366999338602
NYM;0.00023853366999338602
OVS;0.00023853366999338602
SVX;0.00023853366999338602
TJM;0.00023853366999338602
UCT;0.00023853366999338602
DAC;0.00023853366999338602
CCU;0.00023853366999338602
CGP;0.00023853366999338602
MCT;0.00023853366999338602
CXB;0.00023853366999338602
JSR;0.00023853366999338602
KTM;0.00023853366999338602
RJH;0.00023853366999338602
SPD;0.0014776176830452981
ZYL;0.00023853366999338602
YGZ;0.00023853366999338602
YRB;0.00023853366999338602
DFW;0.00023853366999338602
EZE;0.00023853366999338602
JFK;0.00023853366999338602
MIA;0.00023853366999338602
PUJ;0.00023853366999338602
YEG;0.00023853366999338602
YXY;0.00023853366999338602
YLW;0.00023853366999338602
YYC;0.00023853366999338602
ACA;0.00023853366999338602
MEX;0.00023853366999338602
TLC;0.00023853366999338602
BOG;0.00023853366999338602
CEN;0.00023853366999338602
CJS;0.00023853366999338602
CME;0.00023853366999338602
CTM;0.00023853366999338602
CUL;0.00023853366999338602
CUN;0.00023853366999338602
MTY;0.00023853366999338602
CUU;0.00023853366999338602
CZM;0.00023853366999338602
GDL;0.00023853366999338602
SJD;0.00023853366999338602
SNA;0.00023853366999338602
TIJ;0.00023853366999338602
GUA;0.00023853366999338602
HAV;0.00023853366999338602
HMO;0.00023853366999338602
HUX;0.00023853366999338602
LAS;0.00023853366999338602
MID;0.00023853366999338602
OAX;0.00023853366999338602
PVR;0.00023853366999338602
SAT;0.00023853366999338602
SJO;0.00023853366999338602
TAM;0.00023853366999338602
TGZ;0.00023853366999338602
VER;0.00023853366999338602
VSA;0.00023853366999338602
ZIH;0.00023853366999338602
DEL;0.00023853366999338602
KBL;0.00023853366999338602
OAI;0.00023853366999338602
HEA;0.00023853366999338602
BSL;0.00023853366999338602
DJE;0.00023853366999338602
HRG;0.00023853366999338602
NBE;0.00023853366999338602
PRN;0.00023853366999338602
RMF;0.00023853366999338602
ADB;0.00023853366999338602
HAJ;0.00023853366999338602
STR;0.00023853366999338602
AGP;0.00023853366999338602
ATH;0.00023853366999338602
BEG;0.00023853366999338602
BIA;0.00023853366999338602
BIO;0.00023853366999338602
BRE;0.00023853366999338602
BUD;0.00023853366999338602
CAG;0.00023853366999338602
CFU;0.00023853366999338602
DRS;0.00023853366999338602
DBV;0.00023853366999338602
DUB;0.00023853366999338602
EDI;0.00023853366999338602
ESB;0.00023853366999338602
FAO;0.00023853366999338602
FCO;0.00023853366999338602
IBZ;0.00023853366999338602
JMK;0.00023853366999338602
JTR;0.00023853366999338602
KEF;0.00023853366999338602
KLU;0.00023853366999338602
KVA;0.00023853366999338602
LEJ;0.00023853366999338602
LHR;0.00023853366999338602
LIS;0.00023853366999338602
MAN;0.00023853366999338602
MXP;0.00023853366999338602
NAP;0.00023853366999338602
NCE;0.00023853366999338602
PMO;0.00023853366999338602
PRG;0.00023853366999338602
PSA;0.00023853366999338602
RJK;0.00023853366999338602
SJJ;0.00023853366999338602
SKG;0.00023853366999338602
SPU;0.00023853366999338602
STN;0.00023853366999338602
TIA;0.00023853366999338602
TUN;0.00023853366999338602
VIE;0.00023853366999338602
VRN;0.00023853366999338602
XRY;0.00023853366999338602
ZAG;0.00023853366999338602
DTM;0.00023853366999338602
NUE;0.00023853366999338602
KRK;0.00023853366999338602
MLH;0.00023853366999338602
AKP;0.00023853366999338602
FAI;0.00023853366999338602
BTT;0.00023853366999338602
CXF;0.00023853366999338602
CEM;0.00023853366999338602
IRC;0.00023853366999338602
CIK;0.00023853366999338602
FYU;0.00023853366999338602
MLY;0.00023853366999338602
RMP;0.00023853366999338602
SVS;0.00023853366999338602
TAL;0.00023853366999338602
MNT;0.00023853366999338602
WBQ;0.00023853366999338602
AKI;0.00023853366999338602
TLT;0.00023853366999338602
ATT;0.00023853366999338602
KUK;0.00023853366999338602
BET;0.00023853366999338602
EEK;0.00023853366999338602
GNU;0.00023853366999338602
KKH;0.00023853366999338602
KLG;0.00023853366999338602
KPN;0.00023853366999338602
KWT;0.00023853366999338602
NME;0.00023853366999338602
WNA;0.00023853366999338602
WTL;0.00023853366999338602
CYF;0.00023853366999338602
KWN;0.00023853366999338602
PTU;0.00023853366999338602
KWK;0.00023853366999338602
KKI;0.00023853366999338602
NUP;0.00023853366999338602
OOK;0.00023853366999338602
TNK;0.00023853366999338602
PKA;0.00023853366999338602
WWT;0.00023853366999338602
BOC;0.00023853366999338602
SYQ;0.00023853366999338602
DRK;0.00023853366999338602
PJM;0.00023853366999338602
FON;0.00023853366999338602
XQP;0.00023853366999338602
GLF;0.00023853366999338602
LIR;0.00023853366999338602
TNO;0.00023853366999338602
MGA;0.00023853366999338602
NOB;0.00023853366999338602
PBP;0.00023853366999338602
PMZ;0.00023853366999338602
TMU;0.00023853366999338602
TTQ;0.00023853366999338602
KMS;0.00023853366999338602
EDL;0.00023853366999338602
LOK;0.00023853366999338602
JUB;0.00023853366999338602
KIS;0.00023853366999338602
LAU;0.00023853366999338602
MYD;0.00023853366999338602
MBA;0.00023853366999338602
ZNZ;0.00023853366999338602
BKI;0.00023853366999338602
CRK;0.00023853366999338602
BWN;0.00023853366999338602
CGM;0.00023853366999338602
IAO;0.00023853366999338602
PAG;0.00023853366999338602
PUS;0.00023853366999338602
MFM;0.00023853366999338602
CYZ;0.00023853366999338602
DPS;0.00023853366999338602
HAN;0.00023853366999338602
SJI;0.00023853366999338602
VRC;0.00023853366999338602
SGS;0.00023853366999338602
ANU;0.00023853366999338602
MNI;0.00023853366999338602
MMK;0.00023853366999338602
ARH;0.00023853366999338602
CSH;0.00023853366999338602
KSZ;0.00023853366999338602
LDG;0.00023853366999338602
NNM;0.00023853366999338602
SVO;0.00023853366999338602
USK;0.00023853366999338602
SCW;0.00023853366999338602
TOS;0.00023853366999338602
NSK;0.00023853366999338602
ANF;0.00023853366999338602
CPO;0.00023853366999338602
IQQ;0.00023853366999338602
SCL;0.00023853366999338602
CCP;0.00023853366999338602
CJC;0.00023853366999338602
AEP;0.00023853366999338602
MVD;0.00023853366999338602
PDP;0.00023853366999338602
POA;0.00023853366999338602
YBK;0.00023853366999338602
YCS;0.00023853366999338602
YCB;0.00023853366999338602
YCO;0.00023853366999338602
YYH;0.00023853366999338602
YZF;0.00023853366999338602
YRT;0.00023853366999338602
YCY;0.00023853366999338602
YFB;0.00023853366999338602
YIO;0.00023853366999338602
YEK;0.00023853366999338602
YXN;0.00023853366999338602
YYQ;0.00023853366999338602
YEV;0.00023853366999338602
YVQ;0.00023853366999338602
YGT;0.00023853366999338602
YOW;0.00023853366999338602
YTE;0.00023853366999338602
YUX;0.00023853366999338602
YXP;0.00023853366999338602
YHK;0.00023853366999338602
YTH;0.00023853366999338602
YUT;0.00023853366999338602
YVM;0.00023853366999338602
YWG;0.00023853366999338602
YZS;0.00023853366999338602
AMD;0.00023853366999338602
BLR;0.00023853366999338602
BOM;0.00023853366999338602
GOI;0.00023853366999338602
HYD;0.00023853366999338602
JAI;0.00023853366999338602
MAA;0.00023853366999338602
PNQ;0.00023853366999338602
BBI;0.00023853366999338602
VTZ;0.00023853366999338602
BDQ;0.00023853366999338602
COK;0.00023853366999338602
GAU;0.00023853366999338602
LKO;0.00023853366999338602
NAG;0.00023853366999338602
TRV;0.00023853366999338602
CJB;0.00023853366999338602
IDR;0.00023853366999338602
IXC;0.00023853366999338602
IXJ;0.00023853366999338602
SXR;0.00023853366999338602
DIB;0.00023853366999338602
IMF;0.00023853366999338602
IXA;0.00023853366999338602
PAT;0.00023853366999338602
RPR;0.00023853366999338602
ETH;0.00023853366999338602
SDV;0.00023853366999338602
SXF;0.00023853366999338602
BSA;0.00023853366999338602
GLK;0.00023853366999338602
HGA;0.00023853366999338602
YHI;0.00023853366999338602
YPC;0.00023853366999338602
YSY;0.00023853366999338602
YUB;0.00023853366999338602
AKY;0.00023853366999338602
SNW;0.00023853366999338602
HEH;0.00023853366999338602
MDL;0.00023853366999338602
KAW;0.00023853366999338602
MGZ;0.00023853366999338602
NYU;0.00023853366999338602
TVY;0.00023853366999338602
NYT;0.00023853366999338602
RTW;0.00023853366999338602
EVN;0.00023853366999338602
CJU;0.00023853366999338602
CTS;0.00023853366999338602
FUK;0.00023853366999338602
GMP;0.00023853366999338602
NGO;0.00023853366999338602
GUM;0.00023853366999338602
NRT;0.00023853366999338602
GWT;0.00023853366999338602
YAB;0.00023853366999338602
YLC;0.00023853366999338602
YFS;0.00023853366999338602
YHY;0.00023853366999338602
HND;0.00023853366999338602
KKJ;0.00023853366999338602
ABL;0.00023853366999338602
OTZ;0.00023853366999338602
SHG;0.00023853366999338602
ANC;0.00023853366999338602
AIN;0.00023853366999338602
ATK;0.00023853366999338602
BRW;0.00023853366999338602
ANI;0.00023853366999338602
CDV;0.00023853366999338602
ENA;0.00023853366999338602
HOM;0.00023853366999338602
KSM;0.00023853366999338602
UNK;0.00023853366999338602
VDZ;0.00023853366999338602
CHU;0.00023853366999338602
HCR;0.00023853366999338602
RSH;0.00023853366999338602
SHX;0.00023853366999338602
ANV;0.00023853366999338602
KGX;0.00023853366999338602
AUK;0.00023853366999338602
EMK;0.00023853366999338602
SXP;0.00023853366999338602
HPB;0.00023853366999338602
MLL;0.00023853366999338602
PQS;0.00023853366999338602
VAK;0.00023853366999338602
BKC;0.00023853366999338602
DRG;0.00023853366999338602
NUI;0.00023853366999338602
PIZ;0.00023853366999338602
BTI;0.00023853366999338602
SCC;0.00023853366999338602
CKD;0.00023853366999338602
RDV;0.00023853366999338602
SLQ;0.00023853366999338602
ELI;0.00023853366999338602
KKA;0.00023853366999338602
OME;0.00023853366999338602
KOT;0.00023853366999338602
GAL;0.00023853366999338602
RBY;0.00023853366999338602
HSL;0.00023853366999338602
KAL;0.00023853366999338602
NUL;0.00023853366999338602
GAM;0.00023853366999338602
SVA;0.00023853366999338602
GLV;0.00023853366999338602
WMO;0.00023853366999338602
SCM;0.00023853366999338602
KYU;0.00023853366999338602
IAN;0.00023853366999338602
ORV;0.00023853366999338602
SKK;0.00023853366999338602
WBB;0.00023853366999338602
MOU;0.00023853366999338602
KTS;0.00023853366999338602
TLA;0.00023853366999338602
WAA;0.00023853366999338602
KVL;0.00023853366999338602
MYU;0.00023853366999338602
OBU;0.00023853366999338602
SHH;0.00023853366999338602
PHO;0.00023853366999338602
WLK;0.00023853366999338602
WTK;0.00023853366999338602
SRV;0.00023853366999338602
SMK;0.00023853366999338602
BRM;0.00023853366999338602
CLT;0.00023853366999338602
KIN;0.00023853366999338602
MDE;0.00023853366999338602
PBM;0.00023853366999338602
SXM;0.00023853366999338602
VLN;0.00023853366999338602
PAP;0.00023853366999338602
BCA;0.00023853366999338602
BYM;0.00023853366999338602
CCC;0.00023853366999338602
HOG;0.00023853366999338602
CMW;0.00023853366999338602
CYO;0.00023853366999338602
MOA;0.00023853366999338602
MZO;0.00023853366999338602
SCU;0.00023853366999338602
VTU;0.00023853366999338602
ACU;0.00023853366999338602
PAC;0.00023853366999338602
BFQ;0.00023853366999338602
JQE;0.00023853366999338602
CHX;0.00023853366999338602
CZJ;0.00023853366999338602
DAV;0.00023853366999338602
GHE;0.00023853366999338602
MPP;0.00023853366999338602
OGM;0.00023853366999338602
OTD;0.00023853366999338602
SCI;0.00023853366999338602
SIC;0.00023853366999338602
PUE;0.00023853366999338602
PYC;0.00023853366999338602
SAX;0.00023853366999338602
CSY;0.00023853366999338602
SKX;0.00023853366999338602
ULV;0.00023853366999338602
AKX;0.00023853366999338602
ESL;0.00023853366999338602
GRV;0.00023853366999338602
IAR;0.00023853366999338602
IJK;0.00023853366999338602
KUN;0.00023853366999338602
KVK;0.00023853366999338602
PES;0.00023853366999338602
UKS;0.00023853366999338602
URJ;0.00023853366999338602
VKT;0.00023853366999338602
VOG;0.00023853366999338602
VOZ;0.00023853366999338602
IKT;0.00023853366999338602
KJA;0.00023853366999338602
OGZ;0.00023853366999338602
STW;0.00023853366999338602
UFA;0.00023853366999338602
MQF;0.00023853366999338602
AKK;0.00023853366999338602
TNC;0.00023853366999338602
LUR;0.0013122203763924027
TCZ;0.00023853366999338602
DIG;0.00023853366999338602
DLU;0.00023853366999338602
SYM;0.00023853366999338602
TVS;0.00023853366999338602
QBC;0.00023853366999338602
YAA;0.00023853366999338602
YBL;0.00023853366999338602
YQQ;0.00023853366999338602
YKT;0.00023853366999338602
ZEL;0.00023853366999338602
YPW;0.00023853366999338602
YWL;0.00023853366999338602
YXC;0.00023853366999338602
YYJ;0.00023853366999338602
YZT;0.00023853366999338602
YZZ;0.00023853366999338602
ZMT;0.00023853366999338602
ADA;0.00023853366999338602
IST;0.00023853366999338602
BJV;0.00023853366999338602
DIY;0.00023853366999338602
DLM;0.00023853366999338602
ECN;0.00023853366999338602
TZX;0.00023853366999338602
ERZ;0.00023853366999338602
EZS;0.00023853366999338602
GNY;0.00023853366999338602
GZT;0.00023853366999338602
KVD;0.00023853366999338602
MLX;0.00023853366999338602
ODS;0.00023853366999338602
OMH;0.00023853366999338602
MDQ;0.00023853366999338602
ROS;0.00023853366999338602
SFN;0.00023853366999338602
BHI;0.00023853366999338602
COR;0.00023853366999338602
MDZ;0.00023853366999338602
CRD;0.00023853366999338602
NQN;0.00023853366999338602
REL;0.00023853366999338602
YFJ;0.00023853366999338602
YLE;0.00023853366999338602
YRA;0.00023853366999338602
YSG;0.00023853366999338602
AMM;0.00023853366999338602
BEN;0.00023853366999338602
TIP;0.00023853366999338602
HBE;0.00023853366999338602
KRT;0.00023853366999338602
MRA;0.00023853366999338602
SEB;0.00023853366999338602
SFA;0.00023853366999338602
AET;0.00023853366999338602
HUS;0.00023853366999338602
ARC;0.00023853366999338602
VEE;0.00023853366999338602
LMA;0.00023853366999338602
SHA;0.00023853366999338602
CGD;0.00023853366999338602
LYA;0.00023853366999338602
NBS;0.00023853366999338602
HJJ;0.00023853366999338602
HSG;0.00023853366999338602
IBR;0.00023853366999338602
JIQ;0.00023853366999338602
ZYI;0.00023853366999338602
TAK;0.00023853366999338602
GPZ;0.00023853366999338602
TVF;0.00023853366999338602
ABV;0.00023853366999338602
LOS;0.00023853366999338602
PHC;0.00023853366999338602
ACK;0.00023853366999338602
BOS;0.00023853366999338602
EWB;0.00023853366999338602
HPN;0.00023853366999338602
HYA;0.00023853366999338602
MVY;0.00023853366999338602
PVD;0.00023853366999338602
ALB;0.00023853366999338602
MSS;0.00023853366999338602
OGS;0.00023853366999338602
AUG;0.00023853366999338602
AXA;0.00023853366999338602
SJU;0.00023853366999338602
BHB;0.00023853366999338602
LEB;0.00023853366999338602
PVC;0.00023853366999338602
RKD;0.00023853366999338602
RUT;0.00023853366999338602
SLK;0.00023853366999338602
CGI;0.00023853366999338602
STL;0.00023853366999338602
EIS;0.00023853366999338602
IRK;0.00023853366999338602
MAZ;0.00023853366999338602
MWA;0.00023853366999338602
NEV;0.00023853366999338602
OWB;0.00023853366999338602
STT;0.00023853366999338602
STX;0.00023853366999338602
VQS;0.00023853366999338602
TBN;0.00023853366999338602
UIN;0.00023853366999338602
YDQ;0.00023853366999338602
YYE;0.00023853366999338602
YOJ;0.00023853366999338602
YOP;0.00023853366999338602
YXJ;0.00023853366999338602
YKA;0.00023853366999338602
YXS;0.00023853366999338602
YLL;0.00023853366999338602
YPR;0.00023853366999338602
YQZ;0.00023853366999338602
YXT;0.00023853366999338602
YYD;0.00023853366999338602
GDT;0.00023853366999338602
PLS;0.00023853366999338602
SLX;0.00023853366999338602
ACR;0.00023853366999338602
LCR;0.00023853366999338602
SVI;0.00023853366999338602
ADZ;0.00023853366999338602
PVA;0.00023853366999338602
APO;0.00023853366999338602
EOH;0.00023853366999338602
AUC;0.00023853366999338602
BUN;0.00023853366999338602
CZU;0.00023853366999338602
FLA;0.00023853366999338602
IPI;0.00023853366999338602
LMC;0.00023853366999338602
MVP;0.00023853366999338602
PCR;0.00023853366999338602
PDA;0.00023853366999338602
PSO;0.00023853366999338602
PUU;0.00023853366999338602
RVE;0.00023853366999338602
SJE;0.00023853366999338602
TME;0.00023853366999338602
UIB;0.00023853366999338602
VGZ;0.00023853366999338602
VVC;0.00023853366999338602
BSC;0.00023853366999338602
CLO;0.00023853366999338602
GPI;0.00023853366999338602
LET;0.00023853366999338602
LPD;0.00023853366999338602
TCD;0.00023853366999338602
LQM;0.00023853366999338602
NQU;0.00023853366999338602
KIV;0.00023853366999338602
BVA;0.00023853366999338602
FRA;0.00023853366999338602
MAD;0.00023853366999338602
OTP;0.00023853366999338602
BLA;0.00023853366999338602
PMV;0.00023853366999338602
PTY;0.00023853366999338602
PZO;0.00023853366999338602
BNS;0.00023853366999338602
AJL;0.00023853366999338602
BHO;0.00023853366999338602
ATQ;0.00023853366999338602
AUH;0.00023853366999338602
CCJ;0.00023853366999338602
KWI;0.00023853366999338602
BAH;0.00023853366999338602
BHJ;0.00023853366999338602
BHU;0.00023853366999338602
IXE;0.00023853366999338602
CMB;0.00023853366999338602
DIU;0.00023853366999338602
DMM;0.00023853366999338602
DOH;0.00023853366999338602
IXU;0.00023853366999338602
JDH;0.00023853366999338602
JNB;0.00023853366999338602
RAJ;0.00023853366999338602
RUH;0.00023853366999338602
UDR;0.00023853366999338602
EWR;0.00023853366999338602
YYZ;0.00023853366999338602
IXB;0.00023853366999338602
IXR;0.00023853366999338602
IXS;0.00023853366999338602
IXZ;0.00023853366999338602
JRH;0.00023853366999338602
VNS;0.00023853366999338602
SHJ;0.00023853366999338602
DED;0.00023853366999338602
GOP;0.00023853366999338602
IXL;0.00023853366999338602
PBD;0.00023853366999338602
RJA;0.00023853366999338602
TIR;0.00023853366999338602
VGA;0.00023853366999338602
IXM;0.00023853366999338602
TRZ;0.00023853366999338602
TBS;0.00023853366999338602
IKA;0.00023853366999338602
JKH;0.00023853366999338602
KLX;0.00023853366999338602
SMI;0.00023853366999338602
AXD;0.00023853366999338602
CDG;0.00023853366999338602
CHQ;0.00023853366999338602
CPH;0.00023853366999338602
IEV;0.00023853366999338602
MJT;0.00023853366999338602
OSL;0.00023853366999338602
PHL;0.00023853366999338602
SKU;0.00023853366999338602
SOF;0.00023853366999338602
WAW;0.00023853366999338602
OPO;0.00023853366999338602
BYC;0.00023853366999338602
SRZ;0.00023853366999338602
TJA;0.00023853366999338602
CBB;0.00023853366999338602
TDD;0.00023853366999338602
CIJ;0.00023853366999338602
GYA;0.00023853366999338602
RIB;0.00023853366999338602
LPB;0.00023853366999338602
POI;0.00023853366999338602
SRE;0.00023853366999338602
ORU;0.00023853366999338602
PSZ;0.00023853366999338602
VVI;0.00023853366999338602
AGF;0.00023853366999338602
DCM;0.00023853366999338602
ORY;0.00023853366999338602
AJA;0.00023853366999338602
BOD;0.00023853366999338602
BVE;0.00023853366999338602
ETZ;0.00023853366999338602
LIL;0.00023853366999338602
PIS;0.00023853366999338602
RDZ;0.00023853366999338602
SXB;0.00023853366999338602
CFE;0.00023853366999338602
AUR;0.00023853366999338602
BES;0.00023853366999338602
PUF;0.00023853366999338602
BIQ;0.00023853366999338602
FSC;0.00023853366999338602
NTE;0.00023853366999338602
LIG;0.00023853366999338602
CFR;0.00023853366999338602
RNS;0.00023853366999338602
UIP;0.00023853366999338602
GOT;0.00023853366999338602
LAI;0.00023853366999338602
LDE;0.00023853366999338602
LRH;0.00023853366999338602
LRT;0.00023853366999338602
MRS;0.00023853366999338602
PGF;0.00023853366999338602
BUS;0.00023853366999338602
KUT;0.00023853366999338602
RIX;0.00023853366999338602
ABI;0.00023853366999338602
ABQ;0.00023853366999338602
LAX;0.00023853366999338602
ORD;0.00023853366999338602
ABZ;0.00023853366999338602
ACT;0.00023853366999338602
ADL;0.00023853366999338602
BNE;0.00023853366999338602
SYD;0.00023853366999338602
AEX;0.00023853366999338602
AGU;0.00023853366999338602
AKL;0.00023853366999338602
ALO;0.00023853366999338602
AMA;0.00023853366999338602
DTW;0.00023853366999338602
SEA;0.00023853366999338602
APW;0.00023853366999338602
HNL;0.00023853366999338602
NAN;0.00023853366999338602
AQP;0.00023853366999338602
ART;0.00023853366999338602
ASE;0.00023853366999338602
ASP;0.00023853366999338602
ASU;0.00023853366999338602
LGA;0.00023853366999338602
IAD;0.00023853366999338602
PEW;0.00023853366999338602
AUS;0.00023853366999338602
AZO;0.00023853366999338602
BDA;0.00023853366999338602
BDL;0.00023853366999338602
BGI;0.00023853366999338602
BGO;0.00023853366999338602
BHD;0.00023853366999338602
BHM;0.00023853366999338602
BJX;0.00023853366999338602
BMI;0.00023853366999338602
BNA;0.00023853366999338602
DCA;0.00023853366999338602
CBR;0.00023853366999338602
CNS;0.00023853366999338602
DRW;0.00023853366999338602
TSV;0.00023853366999338602
PDX;0.00023853366999338602
SAN;0.00023853366999338602
BPT;0.00023853366999338602
BRO;0.00023853366999338602
BSB;0.00023853366999338602
BTR;0.00023853366999338602
BUF;0.00023853366999338602
BUR;0.00023853366999338602
BWI;0.00023853366999338602
BZE;0.00023853366999338602
CAE;0.00023853366999338602
CHA;0.00023853366999338602
CHC;0.00023853366999338602
CHO;0.00023853366999338602
CHS;0.00023853366999338602
CID;0.00023853366999338602
CLE;0.00023853366999338602
CLL;0.00023853366999338602
CMH;0.00023853366999338602
CMI;0.00023853366999338602
CNF;0.00023853366999338602
COS;0.00023853366999338602
COU;0.00023853366999338602
CPT;0.00023853366999338602
CRP;0.00023853366999338602
CVG;0.00023853366999338602
CWA;0.00023853366999338602
CXI;0.00023853366999338602
DAY;0.00023853366999338602
DBQ;0.00023853366999338602
RDU;0.00023853366999338602
DEN;0.00023853366999338602
CRW;0.0011327567629933664
DRO;0.00023853366999338602
DSM;0.00023853366999338602
EGE;0.00023853366999338602
ELP;0.00023853366999338602
EVV;0.00023853366999338602
FAR;0.00023853366999338602
FAT;0.00023853366999338602
FSD;0.00023853366999338602
FSM;0.00023853366999338602
FWA;0.00023853366999338602
GCK;0.00023853366999338602
GGG;0.00023853366999338602
GIG;0.00023853366999338602
GJT;0.00023853366999338602
GPT;0.00023853366999338602
GRI;0.00023853366999338602
GRK;0.00023853366999338602
GRR;0.00023853366999338602
GRU;0.00023853366999338602
GSO;0.00023853366999338602
GSP;0.00023853366999338602
HOU;0.00023853366999338602
HSV;0.00023853366999338602
IAH;0.00023853366999338602
ICT;0.00023853366999338602
IND;0.00023853366999338602
JAC;0.00023853366999338602
JAN;0.00023853366999338602
JLN;0.00023853366999338602
LAW;0.00023853366999338602
LBB;0.00023853366999338602
LCH;0.00023853366999338602
LEX;0.00023853366999338602
LFT;0.00023853366999338602
LIT;0.00023853366999338602
LRD;0.00023853366999338602
MAF;0.00023853366999338602
MBJ;0.00023853366999338602
MCI;0.00023853366999338602
MEM;0.00023853366999338602
MFE;0.00023853366999338602
MGM;0.00023853366999338602
MHK;0.00023853366999338602
MKE;0.00023853366999338602
MLI;0.00023853366999338602
MLM;0.00023853366999338602
MLU;0.00023853366999338602
MOB;0.00023853366999338602
MSN;0.00023853366999338602
MSP;0.00023853366999338602
MSY;0.00023853366999338602
MTJ;0.00023853366999338602
MZT;0.00023853366999338602
NAS;0.00023853366999338602
OGG;0.00023853366999338602
OKC;0.00023853366999338602
OMA;0.00023853366999338602
ONT;0.00023853366999338602
ORF;0.00023853366999338602
PBC;0.00023853366999338602
PHX;0.00023853366999338602
PIA;0.00023853366999338602
PIT;0.00023853366999338602
PSP;0.00023853366999338602
QRO;0.00023853366999338602
RAP;0.00023853366999338602
RIC;0.00023853366999338602
RNO;0.00023853366999338602
ROW;0.00023853366999338602
SAF;0.00023853366999338602
SAL;0.00023853366999338602
SAV;0.00023853366999338602
SDF;0.00023853366999338602
SFO;0.00023853366999338602
SGF;0.00023853366999338602
SHV;0.00023853366999338602
SJC;0.00023853366999338602
SJT;0.00023853366999338602
SLC;0.00023853366999338602
SLP;0.00023853366999338602
SMF;0.00023853366999338602
SPI;0.0011327567629933664
SPS;0.00023853366999338602
TRC;0.00023853366999338602
TUL;0.00023853366999338602
TUS;0.00023853366999338602
TXK;0.00023853366999338602
TYR;0.00023853366999338602
TYS;0.00023853366999338602
VPS;0.00023853366999338602
XNA;0.00023853366999338602
ZCL;0.00023853366999338602
DOM;0.00023853366999338602
EBB;0.00023853366999338602
EUG;0.00023853366999338602
FNT;0.00023853366999338602
GCM;0.00023853366999338602
GIB;0.00023853366999338602
GLA;0.00023853366999338602
GND;0.00023853366999338602
GRB;0.00023853366999338602
HBA;0.00023853366999338602
OAK;0.00023853366999338602
ITM;0.00023853366999338602
LCY;0.00023853366999338602
SKB;0.00023853366999338602
JNU;0.00023853366999338602
SIT;0.00023853366999338602
JUL;0.00023853366999338602
KHH;0.00023853366999338602
KOA;0.00023853366999338602
LGK;0.00023853366999338602
LIH;0.00023853366999338602
MFR;0.00023853366999338602
MMH;0.00023853366999338602
MRY;0.00023853366999338602
PPT;0.00023853366999338602
RDM;0.00023853366999338602
SBA;0.00023853366999338602
STS;0.00023853366999338602
SUN;0.00023853366999338602
LBA;0.00023853366999338602
TVC;0.00023853366999338602
LGB;0.00023853366999338602
LIN;0.00023853366999338602
LUN;0.00023853366999338602
LUX;0.00023853366999338602
NCL;0.00023853366999338602
RTM;0.00023853366999338602
SVG;0.00023853366999338602
LRM;0.00023853366999338602
LSE;0.00023853366999338602
MAO;0.00023853366999338602
MDT;0.00023853366999338602
POP;0.00023853366999338602
POS;0.00023853366999338602
REC;0.00023853366999338602
RTB;0.00023853366999338602
SAP;0.00023853366999338602
SSA;0.00023853366999338602
STI;0.00023853366999338602
TGU;0.00023853366999338602
UVF;0.00023853366999338602
MQT;0.00023853366999338602
ROC;0.00023853366999338602
RST;0.00023853366999338602
SUX;0.00023853366999338602
SYR;0.00023853366999338602
TOL;0.00023853366999338602
YKF;0.00023853366999338602
PMC;0.00023853366999338602
PUQ;0.0016853823405322322
VIJ;0.00023853366999338602
ALC;0.00023853366999338602
AOK;0.00023853366999338602
ERF;0.00023853366999338602
FMO;0.00023853366999338602
PAD;0.00023853366999338602
CNX;0.0009768271523446991
MLA;0.00023853366999338602
RMI;0.00023853366999338602
GPA;0.00023853366999338602
LNZ;0.00023853366999338602
FMM;0.00023853366999338602
FLR;0.00023853366999338602
FNC;0.00023853366999338602
GCI;0.00023853366999338602
JER;0.00023853366999338602
PDL;0.00023853366999338602
PVK;0.00023853366999338602
REU;0.00023853366999338602
SPC;0.00023853366999338602
VRA;0.00023853366999338602
ZTH;0.00023853366999338602
EFL;0.00023853366999338602
GDN;0.00023853366999338602
INN;0.00023853366999338602
JSI;0.00023853366999338602
KGD;0.00023853366999338602
LEI;0.00023853366999338602
NRN;0.00023853366999338602
OVD;0.00023853366999338602
SCN;0.00023853366999338602
SVQ;0.00023853366999338602
VLC;0.00023853366999338602
ZQW;0.00023853366999338602
VOL;0.00023853366999338602
GNM;0.00023853366999338602
LAZ;0.00023853366999338602
ADD;0.00023853366999338602
AZS;0.00023853366999338602
BJM;0.00023853366999338602
YHZ;0.00023853366999338602
KGL;0.00023853366999338602
LAD;0.00023853366999338602
CKY;0.00023853366999338602
VNO;0.00023853366999338602
YMM;0.00023853366999338602
YQR;0.00023853366999338602
YXE;0.00023853366999338602
FIH;0.00023853366999338602
YYT;0.00023853366999338602
YQT;0.00023853366999338602
YXU;0.00023853366999338602
SNU;0.00023853366999338602
YAM;0.00023853366999338602
YBC;0.00023853366999338602
YBG;0.00023853366999338602
YCD;0.00023853366999338602
YCG;0.00023853366999338602
YDF;0.00023853366999338602
YYR;0.00023853366999338602
YQU;0.00023853366999338602
YFC;0.00023853366999338602
YGK;0.00023853366999338602
YGP;0.00023853366999338602
YGR;0.00023853366999338602
YQM;0.00023853366999338602
YQX;0.00023853366999338602
YQY;0.00023853366999338602
YSJ;0.00023853366999338602
YYG;0.00023853366999338602
YQG;0.00023853366999338602
YQL;0.00023853366999338602
YSB;0.00023853366999338602
YTS;0.00023853366999338602
YTZ;0.00023853366999338602
YVO;0.00023853366999338602
YYY;0.00023853366999338602
ZBF;0.00023853366999338602
YYF;0.00023853366999338602
YZP;0.00023853366999338602
YXH;0.00023853366999338602
YYB;0.00023853366999338602
YZR;0.00023853366999338602
AAX;0.00023853366999338602
PLU;0.00023853366999338602
POJ;0.00023853366999338602
AFL;0.00023853366999338602
CGB;0.00023853366999338602
AJU;0.00023853366999338602
MCZ;0.00023853366999338602
VCP;0.00023853366999338602
ARU;0.00023853366999338602
ROO;0.00023853366999338602
ATM;0.00023853366999338602
BEL;0.00023853366999338602
STM;0.00023853366999338602
AUX;0.00023853366999338602
MAB;0.00023853366999338602
BAZ;0.00023853366999338602
SJL;0.00023853366999338602
FOR;0.00023853366999338602
MCP;0.00023853366999338602
TUR;0.00023853366999338602
BPS;0.00023853366999338602
SDU;0.00023853366999338602
BRA;0.00023853366999338602
UDI;0.00023853366999338602
BVB;0.00023853366999338602
BVH;0.00023853366999338602
JPR;0.00023853366999338602
OAL;0.00023853366999338602
BYO;0.00023853366999338602
CMG;0.00023853366999338602
CAC;0.00023853366999338602
CWB;0.00023853366999338602
CAW;0.00023853366999338602
CCM;0.00023853366999338602
CFB;0.00023853366999338602
CGR;0.00023853366999338602
GYN;0.00023853366999338602
IGU;0.00023853366999338602
LDB;0.00023853366999338602
MGF;0.00023853366999338602
OPS;0.00023853366999338602
PVH;0.00023853366999338602
CGH;0.00023853366999338602
RAO;0.00023853366999338602
CIZ;0.00023853366999338602
CKS;0.00023853366999338602
CLV;0.00023853366999338602
IPN;0.00023853366999338602
MOC;0.00023853366999338602
NAT;0.00023853366999338602
SJK;0.00023853366999338602
SLZ;0.00023853366999338602
VDC;0.00023853366999338602
VIX;0.00023853366999338602
CPV;0.00023853366999338602
CXJ;0.00023853366999338602
FLN;0.00023853366999338602
DOU;0.00023853366999338602
ERN;0.00023853366999338602
TFF;0.00023853366999338602
FBA;0.00023853366999338602
OLC;0.00023853366999338602
FEN;0.00023853366999338602
XAP;0.00023853366999338602
JPA;0.00023853366999338602
THE;0.00023853366999338602
IOS;0.00023853366999338602
GVR;0.00023853366999338602
PMW;0.00023853366999338602
HUW;0.00023853366999338602
IRZ;0.00023853366999338602
ITB;0.00023853366999338602
JDF;0.00023853366999338602
JDO;0.00023853366999338602
JDR;0.00023853366999338602
VAG;0.00023853366999338602
JOI;0.00023853366999338602
JTC;0.00023853366999338602
MII;0.00023853366999338602
LEC;0.00023853366999338602
PIN;0.00023853366999338602
TBT;0.00023853366999338602
MEA;0.00023853366999338602
NVT;0.00023853366999338602
PET;0.00023853366999338602
PFB;0.00023853366999338602
UBA;0.00023853366999338602
PNZ;0.00023853366999338602
PPB;0.00023853366999338602
RBR;0.00023853366999338602
REZ;0.00023853366999338602
RVD;0.00023853366999338602
SJP;0.00023853366999338602
TMT;0.00023853366999338602
RMQ;0.00023853366999338602
HUN;0.00023853366999338602
ISG;0.00023853366999338602
KNH;0.00023853366999338602
MZG;0.00023853366999338602
OKA;0.00023853366999338602
YNZ;0.00023853366999338602
TTT;0.00023853366999338602
ALG;0.00023853366999338602
HRE;0.00023853366999338602
JRO;0.00023853366999338602
ANR;0.00023853366999338602
MDW;0.00023853366999338602
AVN;0.00023853366999338602
BHX;0.00023853366999338602
SOU;0.0015287947136702234
BEY;0.00023853366999338602
BGF;0.00023853366999338602
EXT;0.00023853366999338602
EGC;0.00023853366999338602
BLL;0.00023853366999338602
BZV;0.00023853366999338602
CWL;0.00023853366999338602
DLA;0.00023853366999338602
EMA;0.00023853366999338602
GOA;0.00023853366999338602
LBV;0.00023853366999338602
LJU;0.00023853366999338602
MRU;0.00023853366999338602
NDJ;0.00023853366999338602
NKC;0.00023853366999338602
NSI;0.00023853366999338602
PNR;0.001018777334388276
RBA;0.001018777334388276
TLL;0.001018777334388276
TNR;0.001018777334388276
TRN;0.001018777334388276
VGO;0.001018777334388276
DAR;0.00023853366999338602
SSG;0.0012399295917282604
DND;0.00023853366999338602
DOL;0.00023853366999338602
DZA;0.00023853366999338602
HAH;0.00023853366999338602
SNN;0.000976471191249181
TLN;0.0010686102944805665
LLW;0.00023853366999338602
RAK;0.0010073911316651977
RUN;0.001129395072605651
ZSE;0.001129395072605651
